Advanceo Catalysers,,Advanced Catalysers
Agricultural Medicines,,Agri-Medicines
Ai Relics,,AI Relics
Animalmeat,,Animal Meat
Aovanced Medicines,,Advanced Medicines
Atmospheric Extractors,,Atmospheric Processors
Auto Fabricators,,Auto-Fabricators
Basic Narcotics,,Narcotics
Bio Reducing Lichen,,Bioreducing Lichen
C M M Composite,,CMM Composite
Comercial Samples,,Commercial Samples
Diagnostic Sensor,,Hardware Diagnostic Sensor
Drones,,Limpet
Encripted Data Storage,,Encrypted Data Storage
H N Shock Mount,,HN Shock Mount
Hafnium178,,Hafnium 178
Hazardous Environment Suits,,H.E. Suits
Heliostatic Furnaces,,Microbial Furnaces
Hr Shock Mount,,HN Shock Mount
Liquid Oxgen,,Liquid Oxygen
Marine Supplies,,Marine Equipment
Meta Alloys,,Meta-Alloys
Mu Tom Imager,,Muon Imager
Non Lethal Weapons,,Non-Lethal Weapons
Power Transfer Conduits,,Power Transfer Bus
S A P8 Core Container,,SAP 8 Core Container
Skimer Components,,Skimmer Components
Terrain Enrichment Systems,,Land Enrichment Systems
Trinkets Of Fortune,,Trinkets Of Hidden Fortune
U S S Cargo Ancient Artefact,,Ancient Artefact
U S S Cargo Experimental Chemicals,,Experimental Chemicals
U S S Cargo Military Plans,,Military Plans
U S S Cargo Prototype Tech,,Prototype Tech
U S S Cargo Rebel Transmissions,,Rebel Transmissions
U S S Cargo Technical Blueprints,,Technical Blueprints
U S S Cargo Trade Data,,Trade Data
Unknown Artifact,,Unknown Artefact
Unknown Artifact2,,Unknown Artefact
Wreckage Components,,Salvageable Wreckage
Methanol Monohydrate,,Methanol Monohydrate Crystals